﻿<?xml version="1.0" encoding="utf-8" ?>
<sqlquery>
  <queryitem dutyname="A" pagename="AdminList.aspx" dataid="listAdmin">
    <IndexField>a.Id</IndexField>
    <AllFields>a.Id,a.ID AS UserNum,(a.FirstName + ' ' +a.LastName) as RealName,a.Email,a.IsSuper,a.IsLock,c.GroupName</AllFields>
    <TablesAndWhere>Admin a left join AdminGroup c on a.GroupNumber=c.GroupNumber WHERE CountryCode=@CountryCode</TablesAndWhere>
    <OrderFields>order by a.Id desc</OrderFields>
  </queryitem>
  <queryitem dutyname="B" pagename="AdminList.aspx" dataid="listAdmin">
    <IndexField>a.Id</IndexField>
    <AllFields>a.Id,a.ID AS UserNum,(a.FirstName + ' ' +a.LastName) as RealName,a.Email,a.IsSuper,a.IsLock,c.GroupName</AllFields>
    <TablesAndWhere>Admin a left join AdminGroup c on a.GroupNumber=c.GroupNumber WHERE CountryCode=@CountryCode</TablesAndWhere>
    <OrderFields>order by a.Id desc</OrderFields>
  </queryitem>

  <!--<queryitem dutyname="A" pagename="ProductList.aspx" dataid="listProduct">
    <IndexField>CatNO</IndexField>
    <AllFields>P.ProductName,P.CatNO,P.Host,P.Applicationabbrev,P.Synonyms,(select count(*) from ProductAttachment where P.CatNO=CatNO ANd Type='Image' and Enabled='1') as Image,P.Status</AllFields>
    <TablesAndWhere>Product P WHERE </TablesAndWhere>
    <OrderFields>order by P.CatNO desc</OrderFields>
  </queryitem>-->
	
  <queryitem dutyname="A" pagename="CatalogList.aspx" dataid="listCatalog">
    <IndexField>c.ID</IndexField>
    <AllFields>distinct c.[Id] ,c.[CountryCode],c.[ShowInList],c.[Name],c.[Type],c.[StartDate],c.[EndDate],c.[Download],c.[Class],COUNT(cam.ID) AS Campaign</AllFields>
    <TablesAndWhere>
      Catalog c LEFT JOIN tb_Campaign cam ON cam.Catalog_ID = c.ID AND cam.EffectiveDate>=c.StartDate AND c.EndDate >=cam.ExpiryDate AND cam.Enabled='True' WHERE  c.StartDate>=@StartDate AND @EndDate >=c.EndDate And c.CountryCode=@CountryCode
      Group by c.[Id] ,c.[CountryCode],c.[ShowInList],c.[Name],c.[Type],c.[StartDate],c.[EndDate],c.[Download],c.[Class]
    </TablesAndWhere>
    <OrderFields>order by Name desc</OrderFields>
  </queryitem>
  <queryitem dutyname="A" pagename="CatalogItemList.aspx" dataid="listCatalogListA">
    <IndexField>C.Id</IndexField>
    <AllFields> C.[Id],C.[Catalog_ID],C.[CatNo],C.[EffectiveDate],C.[ExpiryDate] ,C.[Package],C.[Price],C.[PromotionPrice],C.[Enabled],A.Name as CataLogName</AllFields>
    <TablesAndWhere> [CatalogItem]      C  left join Product P on C.CatNo=P.CatNo  left join  CataLog A on A.id=C.Catalog_ID WHERE 1=1  </TablesAndWhere>
    <OrderFields>order by C.Id,P.CatNo desc</OrderFields>
  </queryitem>
  <queryitem dutyname="A" pagename="CatalogItemList.aspx" dataid="listCatalogListB">
    <IndexField>t.Catalog_ID</IndexField>
    <AllFields>1 as id, t.Catalog_ID,t.CatNo ,ci.catno as ciCatNo,t.Grade,ci. catalog_id as ciCataID, '' as [EffectiveDate],'' as [ExpiryDate] ,'' as [Package],'' as [Price],'' as[PromotionPrice],'' as [Enabled] ,t.Name as CatalogName</AllFields>
    <TablesAndWhere> (select C.Id as Catalog_ID,P.CatNo,P.Grade,C.Name  from Catalog C ,Product P )t  left outer join catalogitem ci on ci.catno = t.catno and ci.catalog_id = t.Catalog_ID   </TablesAndWhere>
    <OrderFields>order by t.Catalog_ID,t.CatNo desc</OrderFields>
  </queryitem>
  <queryitem dutyname="A" pagename="NewsList.aspx" dataid="listNews">
    <IndexField>Id</IndexField>
    <AllFields>* </AllFields>
    <TablesAndWhere> News  WHERE  StartDate>=@StartDate AND @EndDate >=EndDate And CountryCode=@CountryCode </TablesAndWhere>
    <OrderFields>order by Name desc</OrderFields>
  </queryitem>
  <queryitem dutyname="A" pagename="StaticPageList.aspx" dataid="listStaticPage">
    <IndexField>ID</IndexField>
    <AllFields>* </AllFields>
    <TablesAndWhere> tb_StaticPage  WHERE </TablesAndWhere>
    <OrderFields>order by Name desc</OrderFields>
  </queryitem>
  <queryitem dutyname="A" pagename="DealerList.aspx" dataid="listDealer">
    <IndexField>Id</IndexField>
    <AllFields>* </AllFields>
    <TablesAndWhere>tb_Company  WHERE </TablesAndWhere>
    <OrderFields>order by Name desc</OrderFields>
  </queryitem>
<queryitem dutyname="A" pagename="Sample.aspx" dataid="listsample">
    <IndexField>Id</IndexField>
    <AllFields>Id,Name </AllFields>
    <TablesAndWhere>Sample </TablesAndWhere>
    <OrderFields>order by Id asc</OrderFields>
  </queryitem>
</sqlquery>